f_hz,psd_k2_hz
0.0008453,0.5729
0.001472,0.7859
0.00213,0.846
0.003083,0.7784
0.003708,0.3399
0.004461,0.3896
0.005367,0.2855
0.006457,0.2883
0.007768,0.2983
0.009345,0.2968
0.01124,0.3572
0.01352,0.2937
0.01627,0.3394
0.01957,0.4279
0.02355,0.3099
0.02833,0.2217
0.03408,0.2539
0.041,0.3176
0.04932,0.2844
0.05933,0.314
0.07138,0.2124
0.08587,0.2139
0.1033,0.1844
0.1243,0.1504
0.1495,0.1343
0.1799,0.1188
0.2164,0.09576
0.2603,0.07566
0.3132,0.0551
0.3768,0.04193
0.4532,0.03004
0.5453,0.02289
0.656,0.01589
0.7891,0.01192
0.9494,0.009126
1.142,0.007375
1.374,0.005567
1.653,0.004335
1.989,0.003633
2.392,0.003009
2.878,0.002567
3.462,0.002112
4.165,0.001825
5.011,0.001565
6.028,0.001289
7.252,0.001064
8.724,0.0008884
10.5,0.0007362
12.63,0.0006064
15.19,0.0005109
18.27,0.0004236
21.98,0.0003588
26.45,0.0003079
31.82,0.0002752
38.28,0.0002454
46.05,0.0002315
