t_s,GR07_c,GR06_c
0.043,23.09,
0.875,23.112,23.093
1.113,23.137,22.968
1.232,23.051,23.132
1.827,23.146,22.92
1.946,23.092,23.092
2.542,23.055,23.022
2.66,23.075,22.999
2.78,23.06,23.039
2.898,23.106,23.19
3.494,23.097,23.127
3.612,23.075,22.994
3.85,23.106,23.008
4.327,23.142,22.879
6.673,23.113,23.056
6.792,23.082,23.059
7.625,23.132,23.042
8.101,23.123,23.01
8.339,23.092,23.011
8.577,23.178,23.075
8.815,23.13,22.936
9.053,23.161,23.072
9.172,23.222,22.945
9.291,23.18,22.988
9.529,23.108,23.075
9.767,23.096,23.044
10.005,23.046,23.03
10.243,23.098,23.051
10.481,23.09,22.988
10.719,23.285,23.142
10.957,23.213,23.079
11.076,23.22,23.114
11.195,23.148,23.09
11.433,23.236,23.133
12.98,23.167,23.027
13.099,23.126,23.017
13.337,23.385,23.258
13.575,23.516,23.533
13.813,23.571,23.661
14.051,23.63,23.78
14.289,23.665,24.031
14.527,23.697,24.143
14.765,23.712,24.448
15.003,23.727,24.659
15.241,23.736,24.592
15.479,23.717,24.516
16.074,23.692,24.082
17.026,23.628,23.77
19.595,23.313,23.356
19.714,23.325,23.343
19.833,23.316,23.264
19.952,23.295,23.238
20.071,23.269,23.307
20.19,23.306,23.234
20.428,23.254,23.418
20.666,23.286,23.151
20.904,23.289,23.202
21.023,23.268,23.272
21.142,23.305,23.146
21.38,23.346,23.14
21.618,23.383,23.294
22.094,23.28,23.202
23.046,23.342,23.261
24.117,23.279,23.251
25.905,23.286,23.217
26.024,23.282,23.236
26.143,23.244,23.313
26.262,23.255,23.235
26.5,23.306,23.277
26.738,23.352,23.242
26.976,23.315,23.283
27.214,23.225,23.354
27.452,23.264,23.35
27.69,23.289,23.156
27.928,23.278,23.284
30.07,23.3,23.195
32.52,23.29,23.297
32.639,23.329,23.296
33.115,23.299,23.284
34.067,23.241,23.223
35.019,23.707,24.212
36.09,23.858,25.416
36.209,23.884,25.405
36.447,24.013,25.665
36.685,24.089,25.868
36.923,24.141,25.853
37.042,24.183,25.827
37.161,24.207,25.75
37.399,24.228,25.799
38.817,23.772,25
39.055,23.755,25.091
40.007,23.729,24.606
40.959,23.716,24.535
41.078,23.715,24.464
41.197,23.716,24.341
41.435,23.716,24.323
41.673,23.708,24.41
41.911,23.709,24.284
42.03,23.711,24.289
42.149,23.711,24.058
42.387,23.709,24.321
42.625,23.712,24.4
42.863,23.705,24.36
43.101,23.706,24.331
43.339,23.702,24.335
43.577,23.699,24.214
45.152,23.682,24.089
45.271,23.678,24.083
46.104,23.672,24.01
47.056,23.653,24.103
48.008,23.618,23.928
49.079,23.655,23.73
50.031,23.537,23.729
51.753,23.475,23.624
52.11,23.463,23.781
53.062,23.447,23.612
54.014,23.456,23.375
55.085,23.444,23.521
56.037,23.4,23.371
58.05,23.37,23.407
58.169,23.423,23.4
59.002,23.574,23.77
60.073,23.647,23.744
61.025,23.643,23.809
62.096,23.679,24.191
62.334,23.676,24.154
62.572,23.679,24.158
62.81,23.677,24.162
64.65,23.612,23.815
64.769,23.605,23.79
65.007,23.634,23.859
65.245,23.622,23.94
65.483,23.604,23.808
65.721,23.602,23.789
65.959,23.623,23.768
66.078,23.614,23.767
66.197,23.644,23.783
66.435,23.649,23.851
66.673,23.618,23.909
66.911,23.591,23.83
67.03,23.609,23.743
67.149,23.601,23.701
67.387,23.603,23.762
67.625,23.583,23.798
67.863,23.597,23.784
68.101,23.581,23.771
68.339,23.596,23.803
68.577,23.574,23.722
68.815,23.578,23.751
69.053,23.556,23.687
69.291,23.555,23.827
69.529,23.578,23.772
70.964,23.588,23.757
71.083,23.594,23.744
71.44,23.597,23.675
72.035,23.575,23.725
72.154,23.592,23.697
72.392,23.567,23.736
72.63,23.547,23.765
72.868,23.577,23.886
73.106,23.579,23.69
73.344,23.566,23.691
73.582,23.568,23.741
73.82,23.545,23.615
74.058,23.536,23.586
75.01,23.589,23.644
77.596,23.524,23.839
77.715,23.56,23.852
77.834,23.535,23.846
78.072,23.636,23.954
78.548,23.711,24.415
79.024,23.769,25.08
80.095,24.155,25.922
81.047,24.45,26.114
82.118,23.878,25.611
84.02,23.736,24.737
84.139,23.738,24.76
85.091,23.729,24.729
86.043,23.728,24.702
86.281,23.721,24.666
88.066,23.715,24.581
90.624,23.715,24.221
90.743,23.712,24.21
93.004,23.692,24.147
94.075,23.671,24.52
95.027,23.637,23.93
96.941,23.624,24.007
97.06,23.648,23.913
98.012,23.649,23.936
99.083,23.638,23.843
100.035,23.625,23.92
100.987,23.632,23.782
101.106,23.61,23.857
103.565,23.578,23.781
103.684,23.596,23.713
104.041,23.59,23.656
105.112,23.588,23.98
106.064,23.584,23.83
107.016,23.585,23.711
108.087,23.554,23.924
109.88,23.573,23.976
109.999,23.588,23.985
110.118,23.604,23.981
110.237,23.58,24.035
110.356,23.589,23.995
111.07,23.561,23.777
111.189,23.565,23.783
112.022,23.583,23.695
113.093,23.566,23.773
113.926,23.551,23.835
114.045,23.571,23.802
114.164,23.565,23.825
114.759,23.538,
114.878,23.546,
nan,,
0.162,23.088,
0.281,23.125,23.198
0.4,23.113,23.09
0.518,22.938,23.003
0.637,22.999,22.946
0.756,23.057,23.007
0.995,23.151,23.046
1.351,23.024,23.075
1.47,23.099,22.973
1.589,23.062,23.013
1.708,23.065,22.901
2.066,23.126,23.198
2.184,23.034,23.112
2.304,23.068,23.04
2.422,23.023,22.984
3.018,23.009,23.123
3.136,23.04,23.093
3.256,23.117,22.982
3.374,23.118,23.095
3.732,23.053,22.97
3.97,23.119,23.039
4.088,23.094,22.963
4.207,23.105,22.902
4.446,23.051,22.937
4.564,23.025,22.975
4.684,23.002,22.974
4.803,23.078,23.009
6.911,23.101,23.081
7.03,23.158,23.099
7.149,23.159,23.166
7.268,23.127,23.121
7.387,23.085,23.036
7.506,23.167,23.104
7.744,23.166,23.019
7.863,23.065,23.123
7.982,23.017,23.091
8.22,23.118,22.964
8.458,23.081,23.144
8.696,23.149,22.924
8.934,23.151,23.049
9.41,23.124,23.084
9.648,23.064,23.05
9.886,23.09,23.062
10.124,23.147,23.099
10.362,23.022,22.98
10.6,23.067,23.041
10.838,23.266,23.102
11.314,23.242,22.998
11.552,23.287,23.125
13.218,23.232,23.109
13.456,23.476,23.394
13.694,23.542,23.588
13.932,23.618,23.77
14.17,23.653,23.857
14.408,23.683,24.068
14.646,23.705,24.281
14.884,23.72,24.565
15.122,23.729,24.576
15.36,23.725,24.618
15.598,23.718,24.49
15.717,23.714,24.315
15.836,23.713,24.29
15.955,23.702,24.201
16.193,23.681,24.067
16.312,23.688,24.101
16.431,23.672,24.018
16.55,23.667,23.865
16.669,23.662,23.861
16.788,23.654,23.845
16.907,23.644,23.795
17.145,23.611,23.657
17.264,23.595,23.665
17.383,23.589,23.649
17.502,23.581,23.538
17.621,23.576,23.618
17.74,23.555,23.609
17.859,23.553,23.553
20.309,23.348,23.354
20.547,23.259,23.24
20.785,23.274,23.138
21.261,23.304,23.121
21.499,23.297,23.147
21.737,23.319,23.216
21.856,23.283,23.13
21.975,23.323,23.254
22.213,23.339,23.088
22.332,23.389,23.179
22.451,23.445,23.274
22.57,23.342,23.264
22.689,23.316,23.239
22.808,23.28,23.215
22.927,23.342,23.179
23.165,23.316,23.262
23.284,23.26,23.211
23.403,23.31,23.199
23.522,23.323,23.27
23.641,23.278,23.308
23.76,23.363,23.213
23.879,23.326,23.274
23.998,23.357,23.256
24.236,23.293,23.315
24.355,23.27,23.289
24.474,23.316,23.283
26.381,23.271,23.244
26.619,23.352,23.235
26.857,23.353,23.291
27.095,23.306,23.254
27.333,23.241,23.352
27.571,23.296,23.252
27.809,23.336,23.305
28.047,23.258,23.222
28.166,23.243,23.239
28.285,23.315,23.165
28.404,23.347,23.174
28.523,23.269,23.167
28.642,23.283,23.152
28.761,23.316,23.276
28.88,23.322,23.286
28.999,23.316,23.228
29.118,23.312,23.326
29.237,23.29,23.322
29.356,23.282,23.218
29.475,23.295,23.201
29.594,23.298,23.206
29.713,23.257,23.213
29.832,23.253,23.162
29.951,23.264,23.158
30.189,23.282,23.32
30.308,23.261,23.245
30.427,23.244,23.164
30.546,23.292,23.293
30.665,23.266,23.279
30.784,23.238,23.299
32.758,23.286,23.253
32.877,23.286,23.221
32.996,23.319,23.312
33.234,23.305,23.239
33.353,23.252,23.2
33.472,23.298,23.204
33.591,23.258,23.259
33.71,23.312,23.143
33.829,23.263,23.169
33.948,23.227,23.234
34.186,23.283,23.468
34.305,23.373,23.551
34.424,23.484,23.483
34.543,23.575,23.684
34.662,23.635,23.87
34.781,23.659,24.006
34.9,23.693,24.143
35.138,23.711,24.36
35.257,23.722,24.593
35.376,23.73,24.768
35.495,23.738,24.898
35.614,23.76,25.002
35.733,23.782,25.109
35.852,23.802,25.077
35.971,23.837,25.226
36.328,23.963,25.514
36.566,24.09,25.724
36.804,24.098,25.916
37.28,24.205,25.866
38.936,23.763,24.949
39.174,23.746,25.036
39.293,23.753,24.989
39.412,23.736,24.876
39.531,23.74,24.833
39.65,23.736,24.859
39.769,23.733,24.742
39.888,23.733,24.67
40.126,23.73,24.676
40.245,23.725,24.891
40.364,23.722,24.74
40.483,23.722,24.466
40.602,23.717,24.491
40.721,23.719,24.538
40.84,23.719,24.542
41.316,23.717,24.365
41.554,23.716,24.321
41.792,23.711,24.293
42.268,23.708,24.139
42.506,23.71,24.349
42.744,23.714,24.328
42.982,23.705,24.35
43.22,23.705,24.366
43.458,23.702,24.289
43.696,23.704,24.164
45.39,23.678,24.142
45.509,23.683,24.043
45.628,23.664,23.985
45.747,23.679,24.073
45.866,23.67,24.093
45.985,23.676,24.029
46.223,23.664,23.938
46.342,23.68,23.971
46.461,23.704,24.127
46.58,23.653,24.111
46.699,23.653,24.039
46.818,23.637,23.999
46.937,23.651,24.071
47.175,23.656,23.971
47.294,23.647,23.939
47.413,23.657,23.902
47.532,23.628,23.848
47.651,23.63,23.872
47.77,23.614,24.013
47.889,23.625,24.065
48.127,23.614,23.862
48.246,23.621,23.866
48.365,23.62,23.887
48.484,23.625,23.911
48.603,23.61,23.868
48.722,23.616,23.889
48.841,23.617,23.838
48.96,23.643,23.754
49.198,23.609,23.718
49.317,23.574,23.792
49.436,23.575,23.835
49.555,23.596,23.802
49.674,23.576,23.767
49.793,23.575,23.779
49.912,23.577,23.755
51.872,23.496,23.617
51.991,23.501,23.781
52.229,23.484,23.548
52.348,23.462,23.625
52.467,23.467,23.583
52.586,23.49,23.531
52.705,23.449,23.54
52.824,23.412,23.487
52.943,23.424,23.528
53.181,23.44,23.616
53.3,23.438,23.482
53.419,23.414,23.449
53.538,23.414,23.554
53.657,23.414,23.568
53.776,23.439,23.544
53.895,23.413,23.488
54.133,23.465,23.385
54.252,23.359,23.481
54.371,23.399,23.469
54.49,23.376,23.365
54.609,23.415,23.393
54.728,23.434,23.409
54.847,23.385,23.38
54.966,23.406,23.433
55.204,23.442,23.591
55.323,23.448,23.548
55.442,23.442,23.425
55.561,23.38,23.436
55.68,23.435,23.434
55.799,23.392,23.461
55.918,23.421,23.48
56.156,23.435,23.381
56.275,23.459,23.341
56.394,23.44,23.392
56.513,23.434,23.474
56.632,23.433,23.469
58.288,23.432,23.345
58.407,23.416,23.496
58.526,23.443,23.54
58.645,23.494,23.55
58.764,23.496,23.581
58.883,23.522,23.705
59.121,23.581,23.517
59.24,23.61,23.562
59.359,23.609,23.73
59.478,23.604,23.718
59.597,23.631,23.62
59.716,23.633,23.747
59.835,23.641,23.863
59.954,23.641,23.765
60.192,23.643,23.8
60.311,23.645,23.788
60.43,23.636,23.721
60.549,23.593,23.789
60.668,23.615,23.854
60.787,23.619,23.823
60.906,23.634,23.849
61.144,23.659,23.802
61.263,23.654,23.93
61.382,23.672,24.029
61.501,23.662,23.962
61.62,23.658,24.007
61.739,23.666,24.054
61.858,23.676,24.039
61.977,23.677,24.075
62.215,23.682,24.206
62.453,23.687,24.043
62.691,23.681,24.18
62.929,23.676,24.168
64.888,23.613,23.752
65.126,23.631,23.911
65.364,23.613,23.951
65.602,23.571,23.764
65.84,23.606,23.807
66.316,23.653,23.771
66.554,23.641,23.899
66.792,23.584,23.848
67.268,23.597,23.819
67.506,23.608,23.793
67.744,23.584,23.734
67.982,23.57,23.799
68.22,23.595,23.778
68.458,23.588,23.77
68.696,23.595,23.666
68.934,23.569,23.771
69.172,23.557,23.717
69.41,23.58,23.773
71.202,23.522,23.696
71.321,23.536,23.637
71.559,23.59,23.704
71.678,23.575,23.657
71.797,23.583,23.653
71.916,23.57,23.734
72.273,23.572,23.723
72.511,23.537,23.749
72.749,23.553,23.785
72.987,23.556,23.807
73.225,23.55,23.669
73.463,23.565,23.787
73.701,23.551,23.638
73.939,23.587,23.615
74.177,23.541,23.609
74.296,23.526,23.66
74.415,23.548,23.68
74.534,23.537,23.672
74.653,23.536,23.639
74.772,23.516,23.617
74.891,23.588,23.64
75.129,23.601,23.579
75.248,23.614,23.627
75.367,23.585,23.705
75.486,23.626,23.664
75.605,23.638,23.597
75.724,23.613,23.606
75.843,23.608,23.654
77.953,23.617,23.758
78.191,23.677,24.093
78.31,23.698,24.151
78.429,23.704,24.286
78.667,23.721,24.576
78.786,23.732,24.847
78.905,23.744,25.008
79.143,23.773,25.326
79.262,23.798,25.34
79.381,23.86,25.425
79.5,23.87,25.637
79.619,23.947,25.699
79.738,24.002,25.771
79.857,24.063,25.828
79.976,24.123,25.834
80.214,24.261,26.027
80.333,24.326,26.081
80.452,24.304,26.105
80.571,24.409,26.219
80.69,24.462,26.231
80.809,24.43,26.136
80.928,24.399,26.095
81.166,24.495,26.161
81.285,24.323,26.101
81.404,24.19,25.96
81.523,24.124,25.873
81.642,24.123,25.832
81.761,24.031,25.727
81.88,23.946,25.614
81.999,23.897,25.629
82.237,23.829,25.39
82.356,23.824,25.357
82.475,23.793,25.314
84.258,23.738,24.84
84.377,23.733,24.867
84.496,23.733,24.815
84.615,23.734,24.715
84.734,23.732,24.746
84.853,23.729,24.715
84.972,23.729,24.719
85.21,23.729,24.653
85.329,23.728,24.594
85.448,23.728,24.621
85.567,23.725,24.605
85.686,23.73,24.664
85.805,23.725,24.74
85.924,23.721,24.75
86.162,23.722,24.713
86.4,23.722,24.664
86.519,23.72,24.62
86.638,23.721,24.648
86.757,23.725,24.703
86.876,23.721,24.751
86.995,23.718,24.723
87.114,23.72,24.594
87.233,23.721,24.631
87.352,23.719,24.698
87.471,23.716,24.572
87.59,23.718,24.497
87.709,23.716,24.486
87.828,23.721,24.471
87.947,23.72,24.487
88.185,23.717,24.581
88.304,23.715,24.503
88.423,23.718,24.486
88.542,23.716,24.477
88.661,23.712,24.491
88.78,23.715,24.465
88.899,23.716,24.449
90.862,23.715,24.256
90.981,23.715,24.342
91.1,23.714,24.304
91.219,23.71,24.319
91.338,23.712,24.347
91.457,23.711,24.391
91.576,23.708,24.394
91.695,23.711,24.31
91.814,23.712,24.24
91.933,23.712,24.252
92.052,23.708,24.287
92.171,23.705,24.316
92.29,23.702,24.328
92.409,23.698,24.295
92.528,23.697,24.335
92.647,23.699,24.22
92.766,23.704,24.208
92.885,23.696,24.243
93.123,23.698,24.187
93.242,23.698,24.088
93.361,23.686,23.997
93.48,23.68,24.101
93.599,23.681,24.137
93.718,23.677,24.113
93.837,23.669,24.269
93.956,23.662,24.453
94.194,23.662,24.382
94.313,23.63,24.295
94.432,23.652,24.284
94.551,23.658,24.188
94.67,23.636,24.053
94.789,23.652,23.872
94.908,23.633,23.874
95.146,23.637,23.983
95.265,23.641,23.985
95.384,23.648,23.949
97.179,23.636,23.766
97.298,23.642,23.764
97.417,23.629,23.83
97.536,23.633,23.934
97.655,23.638,23.907
97.774,23.631,23.813
97.893,23.64,23.854
98.131,23.631,23.888
98.25,23.631,23.793
98.369,23.615,23.778
98.488,23.616,23.883
98.607,23.615,23.97
98.726,23.616,23.912
98.845,23.627,23.855
98.964,23.63,23.9
99.202,23.624,23.743
99.321,23.636,23.923
99.44,23.631,23.913
99.559,23.637,23.871
99.678,23.646,23.924
99.797,23.64,23.897
99.916,23.641,23.939
100.154,23.642,23.803
100.273,23.634,23.761
100.392,23.63,23.865
100.511,23.615,23.867
100.63,23.613,23.837
100.749,23.623,23.888
100.868,23.629,23.839
101.225,23.59,23.934
101.344,23.625,23.977
101.463,23.626,24
101.582,23.614,23.936
101.701,23.59,23.876
101.82,23.601,23.87
103.803,23.6,23.672
103.922,23.593,23.714
104.16,23.596,23.525
104.279,23.579,23.646
104.398,23.602,23.922
104.517,23.592,23.884
104.636,23.596,23.803
104.755,23.59,23.876
104.874,23.605,23.902
104.993,23.597,23.874
105.231,23.604,23.875
105.35,23.595,23.789
105.469,23.613,23.826
105.588,23.622,23.832
105.707,23.601,23.786
105.826,23.593,23.811
105.945,23.616,23.857
106.183,23.587,23.784
106.302,23.594,23.899
106.421,23.597,23.811
106.54,23.607,23.808
106.659,23.592,23.803
106.778,23.588,23.833
106.897,23.587,23.839
107.135,23.598,23.81
107.254,23.609,23.842
107.373,23.589,23.744
107.492,23.608,23.708
107.611,23.606,23.77
107.73,23.61,23.843
107.849,23.578,23.741
107.968,23.566,23.768
108.206,23.59,23.92
108.325,23.581,23.847
108.444,23.587,23.869
110.475,23.587,23.807
110.594,23.598,23.816
110.713,23.592,23.847
110.832,23.582,23.819
110.951,23.562,23.828
111.308,23.573,23.839
111.427,23.565,23.767
111.546,23.543,23.708
111.665,23.574,23.84
111.784,23.545,23.831
111.903,23.588,23.694
112.141,23.572,23.72
112.26,23.57,23.708
112.379,23.593,23.738
112.498,23.588,23.787
112.617,23.565,23.753
112.736,23.577,23.816
112.855,23.574,23.775
112.974,23.584,23.785
113.212,23.551,23.718
113.331,23.569,23.856
113.45,23.582,23.847
113.569,23.555,23.718
113.688,23.603,23.632
113.807,23.562,23.741
114.283,23.556,23.749
114.402,23.567,23.775
114.521,23.546,23.807
114.64,23.557,23.735
