t_s,GR06_ppm,GR07_ppm
0,-492.6,-75.46
0.04967,-288.9,-162.7
0.09935,-1256,-176.4
0.149,-214.8,-22.59
0.1987,-429.6,-265.1
0.2484,-1193,-63.66
0.298,-322.2,-67.9
0.3477,-596.3,-128.7
0.3974,-911.1,-130.2
0.4471,-174.1,136.4
0.4967,-403.7,40.15
0.5464,-281.5,7.585
0.5961,-303.7,60.43
0.6458,-444.4,38.72
0.6954,-18.52,-83
0.7451,-114.8,-5.131
0.7948,-963,5.719
0.8444,-725.9,77.42
0.8941,-318.5,144.9
0.9438,-970.4,145.4
0.9935,-422.2,132.2
1.043,-92.59,145.4
1.093,-359.3,11.35
1.142,66.67,156.2
1.192,1700,-28.26
1.242,1419,-23.56
1.292,703.7,214.8
1.341,1085,77.42
1.391,1481,224.7
1.441,1156,152
1.49,885.2,159.1
1.54,1496,63.73
1.59,451.9,188.3
1.639,-437,105.7
1.689,-237,67.05
1.739,-51.85,-241
1.788,-425.9,-35.34
1.838,-240.7,40.15
1.888,-740.7,2.863
1.937,-544.4,32.12
1.987,-422.2,-143.9
2.037,-418.5,-66.02
2.086,-22.22,-156.6
2.136,-285.2,-200.5
2.186,263,-154.2
2.235,951.9,-54.67
2.285,1000,-185.8
2.335,1085,-68.36
2.384,1281,-15.52
2.434,1537,36.38
2.484,2011,-63.65
2.533,1619,-86.29
2.583,1781,-73.08
2.633,1656,-254.2
2.682,1759,-130.2
2.732,1330,-158
2.782,1441,-463.1
2.831,-496.3,-160.8
2.881,-1037,-86.76
2.931,-414.8,-116.9
2.98,-325.9,-23.99
3.03,-1381,-93.37
3.08,-903.7,-217
3.129,-192.6,-225.5
3.179,-388.9,-181.6
3.229,-455.6,-4.21
3.278,-333.3,52.88
3.328,-133.3,36.84
3.378,-625.9,-232
3.427,-814.8,-108.5
3.477,-55.56,-89.13
3.527,-196.3,-381.5
3.576,-533.3,-202.8
3.626,-644.4,-182.5
3.676,-911.1,-129.2
3.726,-466.7,-147.1
3.775,-766.7,-134.9
3.825,-137,17.53
3.875,1130,118.5
3.924,629.6,181.3
3.974,918.5,172.3
4.024,1281,22.72
4.073,1600,126
4.123,-414.8,16.09
4.173,-981.5,22.68
4.222,-1122,-2.333
4.272,-1156,-238.6
4.322,-1159,-251.4
4.371,-1307,-98.56
4.421,-955.6,86.41
4.471,-763,86.89
4.52,-655.6,36.38
4.57,-1819,-13.65
4.62,33.33,81.2
4.669,840.7,-106.1
4.719,-288.9,-154.2
4.769,-1504,-151.4
4.818,-1056,-103.7
4.868,-1248,-303.7
4.918,-1052,-233.9
4.967,-874.1,-184.4
5.017,-366.7,-243.4
5.067,-885.2,-18.82
5.116,-818.5,57.59
5.166,-496.3,-30.16
5.216,-496.3,-58
5.265,-407.4,-47.12
5.315,-844.4,-41.02
5.365,-1207,-75.45
5.414,-651.9,57.12
5.464,-1644,164.7
5.514,-548.1,140.2
5.563,-592.6,15.61
5.613,-948.1,145.9
5.663,-511.1,-5.64
5.712,-622.2,-162.7
5.762,-563,21.27
5.812,-529.6,-244.3
5.861,-781.5,-199.5
5.911,-1074,-85.84
5.961,-948.1,-89.13
6.01,-388.9,-217
6.06,-155.6,-175.5
6.11,-133.3,-250.9
6.16,-396.3,-183
6.209,-685.2,-460.2
6.259,-1278,-609.2
6.309,-1559,-473.4
6.358,-922.2,-301.8
6.408,-985.2,-457.9
6.458,-822.2,-216.5
6.507,-674.1,-113.6
6.557,-622.2,59.01
6.607,-922.2,-180.6
6.656,-1137,-177.3
6.706,-944.4,-259.4
6.756,-444.4,-108.9
6.805,-518.5,42.03
6.855,-1504,-86.28
6.905,-822.2,-175.4
6.954,-688.9,17.97
7.004,-1493,-69.25
7.054,-992.6,-204.2
7.103,-718.5,-208
7.153,555.6,-384.4
7.203,792.6,-0.4419
7.252,985.2,-31.58
7.302,1519,-141
7.352,1559,-125
7.401,1215,38.73
7.451,1604,-75.91
7.501,1252,-15.52
7.55,1856,-46.66
7.6,1159,128.4
7.65,1081,119
7.699,1193,-19.3
7.749,714.8,-270.2
7.799,1096,-344.7
7.848,1259,-225
7.898,1563,-76.84
7.948,1359,-137.7
7.997,1685,-42.9
8.047,1100,-170.2
8.097,1085,-168.4
8.146,377.8,-141
8.196,1041,-328.7
8.246,1281,-74.03
8.295,296.3,-36.75
8.345,725.9,8.07
8.395,1152,-51.86
8.444,922.2,-14.6
8.494,1115,-45.25
8.544,1278,-67.43
8.594,1341,-157.1
8.643,1030,-34.41
8.693,725.9,44.38
8.743,1452,38.26
8.792,1193,191.6
8.842,922.2,192.6
8.892,218.5,256.3
8.941,633.3,167.6
8.991,600,111
9.041,307.4,-34.41
9.09,448.1,-120.7
9.14,77.78,-122.1
9.19,-207.4,-102.8
9.239,-1056,-85.36
9.289,-1322,-30.61
9.339,-2137,-384.4
9.388,-1404,-161.7
9.438,-1389,-231.6
9.488,-1348,13.77
9.537,-1963,-153.7
9.587,-1581,-191.5
9.637,-1237,231.8
9.686,-1530,245
9.736,-1744,128.9
9.786,-1626,217.6
9.835,-1826,323.3
9.885,-1241,403.1
9.935,-1567,214.3
9.984,-1356,331.4
10.03,-1256,173.2
10.08,-1374,58.08
10.13,-1937,124.6
10.18,-1122,316.7
10.23,-537,381.9
10.28,-874.1,372.4
10.33,-1070,288.9
10.38,-1400,437.1
10.43,-396.3,473.5
10.48,-851.9,396.5
10.53,-188.9,346
10.58,-740.7,411.6
10.63,-559.3,456.5
10.68,-785.2,208.2
10.73,-1100,-133.4
10.78,-848.1,-71.21
10.83,-114.8,66.09
10.88,-1156,-4.204
10.93,-774.1,-83
10.98,-722.2,159.1
11.03,-185.2,107.6
11.08,-1078,-62.24
11.13,-1430,-89.57
11.18,-900,-25.44
11.23,-1552,40.6
11.28,-348.1,86.85
11.33,-1085,114.7
11.38,-466.7,130.7
11.42,-359.3,46.76
11.47,-88.89,115.2
11.52,-851.9,81.2
11.57,-851.9,66.11
11.62,-374.1,210
11.67,-314.8,160
11.72,-1122,54.76
11.77,-1089,47.71
11.82,-288.9,-122.6
11.87,-740.7,138.3
11.92,-1037,120.4
11.97,-781.5,63.75
12.02,-392.6,55.71
12.07,-496.3,180.8
12.12,-388.9,-23.09
12.17,-500,15.17
12.22,-659.3,0.5191
12.27,-1004,-452.6
12.32,-1270,-180.1
12.37,-511.1,-4.216
12.42,-37.04,247.3
12.47,-459.3,297.8
12.52,-370.4,234.6
12.57,14.81,-80.15
12.62,-251.9,-182.5
12.67,-33.33,-361.2
12.72,-766.7,-33.91
12.77,-429.6,-132.1
12.82,-488.9,-169.8
12.87,-540.7,-39.12
12.92,-870.4,33.55
12.96,-466.7,13.71
13.01,-159.3,-115.1
13.06,-1052,-142.4
13.11,-1544,-138.2
13.16,-551.9,-150.4
13.21,55.56,-99.95
13.26,-644.4,-16.42
13.31,-177.8,-2.298
13.36,1122,-41
13.41,1407,22.7
13.46,1356,59.51
13.51,1356,199.7
13.56,2052,18.9
13.61,1393,-95.74
13.66,1059,59.49
13.71,1578,85.91
13.76,1730,-65.08
13.81,1407,54.78
13.86,1478,155.8
13.91,496.3,141.6
13.96,588.9,355
14.01,881.5,126
14.06,1274,224.2
14.11,1533,2.405
14.16,1400,-115
14.21,1156,-82.51
14.26,1400,-62.23
14.31,2152,146.8
14.36,1744,34.99
14.41,1519,177
14.45,718.5,179.8
14.5,529.6,94.88
14.55,325.9,108.1
14.6,-314.8,49.12
14.65,-485.2,-34.41
14.7,-1193,79.3
14.75,-740.7,111.4
14.8,-266.7,111.4
14.85,-874.1,90.68
14.9,-1344,309.2
14.95,-1178,-15.06
15,-1452,-125
15.05,-1426,-257.5
15.1,-1359,-69.3
15.15,-833.3,59.5
15.2,-785.2,105.7
15.25,-611.1,182.2
15.3,-414.8,75.06
15.35,-507.4,-22.14
15.4,-670.4,-12.23
15.45,-211.1,10.41
15.5,-422.2,-28.72
15.55,-288.9,110
15.6,3.704,30.25
15.65,-433.3,25.56
15.7,-637,-81.59
15.75,-944.4,-0.9212
15.8,-696.3,137.8
15.85,-292.6,-160.8
15.9,-388.9,-320.7
15.95,-366.7,-419.7
15.99,-200,-184.4
16.04,-796.3,-88.65
16.09,-903.7,-210.3
16.14,-355.6,-99.96
16.19,-292.6,97.72
16.24,-518.5,47.68
16.29,-870.4,-23.54
16.34,-722.2,18.44
16.39,988.9,109
16.44,1878,101
16.49,618.5,-49.03
16.54,463,62.79
16.59,407.4,-35.81
16.64,1015,-16.94
16.69,325.9,41.56
16.74,1463,38.73
16.79,1915,53.36
16.84,1248,130.7
16.89,1004,161.9
16.94,1126,-92.42
16.99,1563,69.4
17.04,1407,-6.559
17.09,1159,107.6
17.14,418.5,78.37
17.19,1000,39.2
17.24,1252,38.75
17.29,1078,-94.78
17.34,1174,-130.6
17.39,1274,204.8
17.44,1333,38.26
17.49,1204,147.3
17.53,1652,162.8
17.58,1204,223.3
17.63,459.3,105.3
17.68,81.48,50.51
17.73,837,-28.26
17.78,1263,-81.57
17.83,2293,-29.68
17.88,1356,228.5
17.93,1622,156.7
17.98,1193,118.5
18.03,966.7,45.35
18.08,692.6,4.779
18.13,588.9,-61.28
18.18,581.5,62.33
18.23,563,270
18.28,1100,166.1
18.33,822.2,162.8
18.38,937,-20.24
18.43,533.3,-195.2
18.48,1085,-316.5
18.53,725.9,-12.24
18.58,-611.1,-1.386
18.63,-714.8,-19.78
18.68,-207.4,99.12
18.73,-148.1,-1.858
18.78,-829.6,-9.378
18.83,-640.7,132.2
18.88,-259.3,148.2
18.93,-496.3,203
18.98,-666.7,116.6
19.02,-425.9,25.04
19.07,-1100,-67.43
19.12,-1815,165.2
19.17,-1085,229.9
19.22,-218.5,130.8
19.27,-248.1,-46.19
19.32,-455.6,-9.384
19.37,-481.5,13.24
19.42,448.1,90.63
19.47,1630,-0.9013
19.52,1085,-17.9
19.57,833.3,55.72
19.62,1137,19.87
19.67,1441,-3.704
19.72,318.5,-86.3
19.77,-1659,-187.2
19.82,-977.8,-284.4
19.87,-233.3,7.11
19.92,-485.2,-34.88
19.97,-311.1,-174.5
20.02,-870.4,-158.5
20.07,-3.704,-52.3
20.12,-437,-22.51
20.17,-374.1,-276.8
20.22,-537,-225.4
20.27,-570.4,-183.9
20.32,-1170,-352.7
20.37,-507.4,-129.2
20.42,-363,-120.7
20.47,-866.7,57.62
20.52,-314.8,-168.8
20.56,-503.7,-163.6
20.61,-248.1,5.695
20.66,-1167,17.01
20.71,-863,-290
20.76,-1200,-114.6
20.81,-1215,-64.59
20.86,-1015,-72.62
20.91,-418.5,-134.9
20.96,-425.9,-146.7
21.01,-703.7,-120.7
21.06,-370.4,172.3
21.11,-885.2,-69.77
21.16,-1126,-89.6
21.21,-1226,94.42
21.26,-1400,67.98
21.31,229.6,127
21.36,1511,-1.389
21.41,1978,39.21
21.46,1152,-15.06
21.51,1222,-21.2
21.56,1585,34.49
21.61,903.7,-5.138
21.66,1396,182.2
21.71,966.7,172.8
21.76,874.1,83.57
21.81,1263,-162.7
21.86,1370,85.91
21.91,1648,-62.23
21.96,-177.8,19.37
22.01,-222.2,-216.9
22.06,-463,-65.02
22.1,-600,-10.8
22.15,-277.8,-99.98
22.2,385.2,132.2
22.25,570.4,-140.5
22.3,1696,94.4
22.35,1667,-135.4
22.4,1807,-133.5
22.45,1744,-249.5
22.5,1507,-214.6
22.55,1296,-345.7
22.6,1263,-265.5
22.65,981.5,-321.1
22.7,1415,-402.2
22.75,1100,-353.6
22.8,1485,-67.88
22.85,992.6,-123.6
22.9,1370,-230.1
22.95,1237,-174
23,1119,-108.9
23.05,351.9,229.9
23.1,1230,201.1
23.15,1296,111.9
23.2,1481,-110.8
23.25,748.1,-36.27
23.3,-937,-9.375
23.35,-1070,137.8
23.4,-1156,-32.5
23.45,-925.9,11.86
23.5,-511.1,-15.53
23.55,-229.6,17.49
23.59,-229.6,-61.3
23.64,-633.3,127.9
23.69,-325.9,92.98
23.74,-988.9,16.54
23.79,-1185,-118.4
23.84,-92.59,-222.1
23.89,-144.4,-85.79
23.94,-592.6,-226.8
23.99,33.33,-183.5
24.04,-666.7,16.08
24.09,-744.4,-36.77
24.14,-344.4,-79.23
24.19,-92.59,-77.78
24.24,-3.704,101.5
24.29,-485.2,-186.3
24.34,-618.5,-260.3
24.39,-855.6,-118.8
24.44,-200,-25.91
24.49,248.1,22.73
24.54,1026,174.2
24.59,1011,290.8
24.64,1322,370.1
24.69,1311,239.3
24.74,1578,64.21
24.79,1067,81.67
24.84,1267,82.13
24.89,251.9,31.64
24.94,1304,-37.23
24.99,1604,12.33
25.04,1907,85.93
25.09,1652,192.1
25.13,1067,195.9
25.18,922.2,211
25.23,1507,125.6
25.28,1593,-96.69
25.33,1270,-130.6
25.38,877.8,-29.67
25.43,611.1,139.7
25.48,1204,179.4
25.53,1300,-80.62
25.58,1133,-168.8
25.63,1019,72.22
25.68,892.6,-33.94
25.73,1770,-142.4
25.78,1196,-204.7
25.83,1304,-8.893
25.88,1193,33.54
25.93,1030,-4.671
25.98,848.1,-232.5
26.03,1219,-100.4
26.08,1900,-293.3
26.13,2070,-547.9
26.18,2311,-208.8
26.23,-422.2,-167.9
26.28,-259.3,51.48
26.33,-233.3,53.35
26.38,-307.4,72.7
26.43,-737,31.19
26.48,-233.3,26.45
26.53,-1144,-15.06
26.58,-1078,-88.16
26.62,-666.7,-5.162
26.67,-377.8,-141.5
26.72,-300,-265.5
26.77,-1107,-200
26.82,-366.7,-151.9
26.87,-859.3,-89.11
26.92,-103.7,53.38
26.97,-751.9,-269.7
27.02,-307.4,-2.319
27.07,1274,-67.92
27.12,1348,49.6
27.17,1500,-103.7
27.22,692.6,-208.9
27.27,1470,-224.5
27.32,1370,-183
27.37,1593,-200.9
27.42,1415,-39.53
27.47,1326,-110.8
27.52,1196,-213.2
27.57,-88.89,-11.3
27.62,-751.9,-56.58
27.67,-840.7,-40.95
27.72,-885.2,21.75
27.77,-1185,-243.7
27.82,-677.8,-444.7
27.87,-70.37,-452.1
27.92,-629.6,5.235
27.97,-1200,-133.5
28.02,-696.3,-111.8
28.07,-77.78,84.02
28.12,-503.7,17.98
28.16,-951.9,7.17
28.21,-837,-25.42
28.26,-596.3,210
28.31,-981.5,-63.19
28.36,-822.2,-138.7
28.41,-740.7,-153.2
28.46,251.9,-208.9
28.51,-370.4,-147.2
28.56,-537,-223.1
28.61,855.6,-238.2
28.66,1470,-75.9
28.71,1456,-53.28
28.76,1581,-260.8
28.81,1689,-294.3
28.86,1526,-354.2
28.91,863,-140.1
28.96,1363,-131.1
29.01,748.1,-242.4
29.06,1530,-161.3
29.11,1422,-369.7
29.16,1252,-89.61
29.21,1559,-169.3
29.26,1111,-33.47
29.31,433.3,-57.53
29.36,663,-25.44
29.41,1459,-30.17
29.46,-600,10.89
29.51,-681.5,-82.04
29.56,-440.7,-32.04
29.61,-225.9,-32.97
29.66,-1385,70.82
29.7,-911.1,137.4
29.75,-651.9,120.4
29.8,-1193,-7.033
29.85,-896.3,58.08
29.9,-774.1,-203.3
29.95,-277.8,-167.9
30,-674.1,-158.4
30.05,-385.2,-182.5
30.1,-848.1,16.6
30.15,-33.33,-67.91
30.2,-48.15,-220.7
30.25,-733.3,-43.37
30.3,-355.6,134.5
30.35,-1063,-7.979
30.4,-344.4,-173.5
30.45,-185.2,-217.8
30.5,-170.4,-155.6
30.55,-370.4,-287.2
30.6,-729.6,-257.5
30.65,-711.1,-139.6
30.7,-285.2,118.5
30.75,-796.3,-51.86
30.8,-148.1,-135.3
30.85,-674.1,-15.53
30.9,40.74,30.73
30.95,-81.48,-91
31,-248.1,-247.6
31.05,-159.3,-266.9
31.1,-88.89,-44.79
31.15,33.33,-33.45
31.19,-225.9,-250.9
31.24,44.44,-309.9
31.29,51.85,-111.3
31.34,88.89,-83
31.39,-1404,-86.28
31.44,-951.9,-147.1
31.49,-507.4,-376.8
31.54,-166.7,-150.9
31.59,-918.5,4.286
31.64,-337,134.5
31.69,-166.7,103.8
31.74,-240.7,-102.3
31.79,-66.67,211.5
31.84,-614.8,144.4
31.89,-100,130.8
31.94,-211.1,2.877
31.99,-81.48,26.45
32.04,-433.3,-3.743
32.09,-507.4,71.77
32.14,-400,124.1
32.19,-670.4,270.5
32.24,-1385,224.7
32.29,-1489,103.8
32.34,-751.9,135.5
32.39,340.7,-41.95
32.44,-548.1,32.59
32.49,-1230,51.47
32.54,-922.2,-42.91
32.59,-648.1,51.47
32.64,-400,83.09
32.69,955.6,151
32.73,881.5,-167.4
32.78,1378,-65.55
32.83,1426,-77.32
32.88,951.9,-188.2
32.93,-125.9,-135.3
32.98,729.6,-175.9
33.03,1096,-128.3
33.08,1463,-110.8
33.13,1478,-178.3
33.18,-963,-122.6
33.23,-318.5,-94.32
33.28,-81.48,-86.76
33.33,-729.6,-142.4
33.38,-1041,-152.4
33.43,-674.1,12.31
33.48,-829.6,144.9
33.53,-718.5,-96.68
33.58,-500,-38.66
33.63,-411.1,-118.4
33.68,-196.3,31.65
33.73,-766.7,42.98
33.78,-455.6,85.45
33.83,-311.1,98.22
33.88,118.5,-5.054
33.93,3.704,-46.21
33.98,-648.1,-11.28
34.03,-781.5,-37.23
34.08,-544.4,-117.9
34.13,-251.9,-16.02
34.18,-607.4,-49.02
34.22,-1067,59.97
34.27,-996.3,-41.01
34.32,-411.1,7.589
34.37,-870.4,99.13
34.42,-1207,147.3
34.47,-1304,203
34.52,-440.7,139.7
34.57,-644.4,195.9
34.62,-674.1,100.6
34.67,-733.3,2.405
34.72,-496.3,136.4
34.77,-637,188.8
34.82,-663,81.2
34.87,-596.3,243.6
34.92,-174.1,431
34.97,-648.1,230.4
35.02,-1219,162.8
35.07,-1093,184.1
35.12,-422.2,112.8
35.17,-1233,184.6
35.22,-677.8,279.4
35.27,-833.3,202
35.32,-1078,387.1
35.37,-1522,285.6
35.42,-1411,205.8
35.47,-677.8,56.66
35.52,-437,113.3
35.57,-403.7,90.64
35.62,-666.7,88.28
35.67,-651.9,-186.3
35.72,-33.33,-181.1
35.76,-348.1,-165.1
35.81,-425.9,-161.3
35.86,1170,-129.2
35.91,1715,-239.5
35.96,1074,0.04956
36.01,1448,-45.26
36.06,1204,48.16
36.11,1274,32.12
36.16,1200,-94.31
36.21,1396,-41.45
36.26,1459,-110.8
36.31,1726,-64.59
36.36,1215,68.49
36.41,1615,-15.99
36.46,433.3,-215.1
36.51,1541,-281.1
36.56,1711,8.061
36.61,1178,47.7
36.66,1315,-49.51
36.71,1656,-56.07
36.76,1704,-282.5
36.81,329.6,-138.2
36.86,-392.6,-135.3
36.91,-507.4,154.4
36.96,-37.04,158.1
37.01,-218.5,-41.46
37.06,-700,-268.8
37.11,-137,-336.7
37.16,-948.1,-49.95
37.21,-7.407,-7.99
37.26,-344.4,14.19
37.3,-651.9,-172.6
37.35,-618.5,-163.6
37.4,-333.3,-49.48
37.45,25.93,46.75
37.5,211.1,-125
37.55,-366.7,-164.1
37.6,-329.6,-217
37.65,-566.7,56.19
37.7,-433.3,-99.98
37.75,-166.7,-181.6
37.8,-714.8,-78.74
37.85,-963,-264.1
37.9,-359.3,-258
37.95,-785.2,-199.5
38,-292.7,-236.3
38.05,25.94,-247.2
38.1,229.8,-341.4
38.15,1304,-260.8
38.2,819,-107
38.25,1004,19.84
38.3,140.8,-27.25
38.35,-74.07,97.7
38.4,-1104,-91.94
38.45,-537,8.072
38.5,-455.6,182.7
38.55,-703.7,109.5
38.6,-388.9,-42.43
38.65,-492.6,189.7
38.7,-592.6,143.5
38.75,-185.2,195.4
38.79,-211.1,186.4
38.84,-225.9,5.218
38.89,-559.3,-137.2
38.94,-222.2,123.2
38.99,-551.9,169
39.04,-1056,-74.96
39.09,-885.2,26.93
39.14,-37.04,-173.1
39.19,-177.8,-133.5
39.24,-300,-89.14
39.29,707.4,-45.73
39.34,533.3,44.4
39.39,-263,-38.62
39.44,-507.4,-261.8
39.49,-585.2,-189.1
39.54,-266.7,21.74
39.59,-837,-99.03
39.64,-1111,116.6
39.69,-1181,51.01
39.74,-92.59,29.77
39.79,-544.4,-185.8
39.84,-1519,-60.81
39.89,-937,-253.8
39.94,-848.1,-129.7
39.99,-400,0.03867
40.04,-600,176.5
40.09,-622.2,179.4
40.14,166.8,211
40.19,-240.9,24.56
40.24,452.1,47.69
40.29,177.9,186.5
40.33,218.6,-20.73
40.38,137.1,144.9
40.43,-378,132.6
40.48,303.9,250.6
40.53,-307.6,84.98
40.58,-74.12,55.72
40.63,329.8,-32.98
40.68,615.2,48.64
40.73,348.3,81.18
40.78,-159.3,19.86
40.83,481.7,134.1
40.88,203.8,-37.24
40.93,-70.41,-128.7
40.98,-144.5,-74.92
41.03,-652.2,171.8
41.08,348.3,109
41.13,-177.9,137.8
41.18,218.6,81.24
41.23,455.8,172.8
41.28,40.76,286
41.33,107.5,326.2
41.38,463.2,190.7
41.43,411.3,215.7
41.48,29.65,271.9
41.53,448.4,184.6
41.58,-137.1,82.14
41.63,-652.2,86.86
41.68,348.3,-76.38
41.73,-200.1,-70.74
41.78,-300.2,103.8
41.83,993.1,64.71
41.87,1415,90.17
41.92,1741,348.9
41.97,1348,270.9
42.02,1196,316.3
42.07,1667,295
42.12,974.1,146.3
42.17,-1093,278.5
42.22,-1115,363.9
42.27,-1063,47.69
42.32,-951.9,238.8
42.37,-251.9,179.8
42.42,-511.1,136.4
42.47,-411.1,24.11
42.52,-681.5,162.9
42.57,-374.1,107.2
42.62,-755.6,66.14
42.67,-263,41.11
42.72,-370.4,129.3
42.77,-474.1,18.9
42.82,-1000,-48.09
42.87,-800,56.19
42.92,-929.6,130.3
42.97,-1615,99.6
43.02,-381.5,240.7
43.07,-48.15,153.4
43.12,-466.7,314.8
43.17,-62.96,245.9
43.22,144.4,47.69
43.27,-248.1,116.6
43.32,-274.1,165.7
43.36,-722.2,84.05
43.41,-803.7,-6.105
43.46,-455.6,-150.9
43.51,-996.3,1.446
43.56,-1478,151.1
43.61,-311.1,140.7
43.66,-259.3,3.816
43.71,-637,-84.41
43.76,-129.6,-103.7
43.81,88.89,-85.8
43.86,-711.1,-180.6
43.91,-333.3,-153.8
43.96,-377.8,3.821
44.01,-351.9,65.64
44.06,-448.1,-58.93
44.11,-566.7,-235.8
44.16,329.9,-183.5
44.21,715.2,-247.2
44.26,618.9,-236.8
44.31,1679,-242.4
44.36,726.3,-126.8
44.41,1797,14.67
44.46,1593,23.63
44.51,1849,-122.2
44.56,1590,145.4
44.61,1845,82.15
44.66,1167,-129.7
44.71,1234,-328.8
44.76,889.4,-268.4
44.81,300.2,-301.4
44.86,504,-284.4
44.9,837.5,-186.3
44.95,1308,-350.9
45,1445,-301.4
45.05,1201,-308
45.1,785.6,-387.6
45.15,1060,-57.98
45.2,974.6,58.57
45.25,411.3,-290.5
45.3,-618.9,-353.3
45.35,-1568,-196.2
45.4,-641.1,-267.9
45.45,-422.5,-199
45.5,-563.3,-3.269
45.55,-774.5,-341.4
45.6,-937.6,-106.6
45.65,-856,-148.6
45.7,-1108,-87.72
45.75,-1178,-46.19
45.8,-770.8,107.2
45.85,-1238,102.4
45.9,-1160,106.7
45.95,-307.6,-30.15
46,-841.2,-22.15
46.05,-615.2,-152.3
46.1,-885.7,-9.862
46.15,-581.8,1.924
46.2,-389.1,322.9
46.25,-1134,52.88
46.3,-1089,-85.84
46.35,-1208,49.1
46.39,-1275,114.2
46.44,-737.4,96.31
46.49,-1052,184.6
46.54,-922.7,4.742
46.59,-607.7,203.9
46.64,-340.9,220.9
46.69,-1742,35.9
46.74,-900.5,163.3
46.79,-1430,-28.26
46.84,-1482,119.9
46.89,-693,-24.95
46.94,-1038,60.91
46.99,-652.2,96.3
47.04,-837.5,126.5
47.09,-1082,49.12
47.14,-952.4,98.67
47.19,-585.5,340.9
47.24,-689.3,175.1
47.29,-1416,90.16
47.34,-1401,23.16
47.39,-785.4,158.1
47.44,-1093,207.7
47.49,-792.6,172.3
47.54,-1130,212.4
47.59,-1441,256.8
47.64,-1107,154.4
47.69,-992.6,240.7
47.74,-1615,205.8
47.79,-1978,299.3
47.84,-2648,97.24
47.89,-2089,276.1
47.93,-1507,146.3
47.98,-1652,-57.06
48.03,-1126,-19.79
48.08,-403.7,-54.24
48.13,-96.3,-65.54
48.18,-1026,-1.851
48.23,-1356,136.9
48.28,-885.2,100.5
48.33,-1511,78.84
48.38,-996.3,68.48
48.43,-1026,-96.68
48.48,-800,4.743
48.53,-929.6,-67.91
48.58,-977.8,-59.87
48.63,-781.5,-61.78
48.68,-788.9,92.53
48.73,-503.7,-99.52
48.78,-1133,-151.4
48.83,-644.4,-104.7
48.88,-1419,-298.1
48.93,-466.7,-92.89
48.98,-1119,-337.2
49.03,-1089,-268.4
49.08,-614.8,-95.73
49.13,-1437,-11.29
49.18,-1111,20.32
49.23,-855.6,99.62
49.28,-711.1,60.93
49.33,-344.4,43.45
49.38,-955.6,18.9
49.43,-1963,-60.82
49.47,-1244,-61.32
49.52,-1052,-31.1
49.57,-1581,-158
49.62,-729.6,27.42
49.67,-1230,-87.25
49.72,-607.4,68.47
49.77,-855.6,107.6
49.82,-959.3,95.36
49.87,-696.3,150.6
49.92,274.1,-87.21
49.97,77.78,-86.27
50.02,-607.4,19.4
50.07,-1185,7.627
50.12,-600,3.81
50.17,-125.9,-250.9
50.22,-307.4,-128.3
50.27,-1133,-121.7
50.32,-148.1,11.84
50.37,-151.9,-22.13
50.42,-485.2,-88.2
50.47,-1333,-287.7
50.52,-840.7,-222.1
50.57,-818.5,-145.3
50.62,-866.7,-133
50.67,-540.7,206.8
50.72,-425.9,309.2
50.77,-511.1,287.5
50.82,-88.89,145.9
50.87,-1178,296.5
50.92,-1126,290.3
50.96,-822.2,222.3
51.01,-100,408.4
51.06,-1204,299.8
51.11,-248.1,504.7
51.16,-118.5,546.3
51.21,-418.5,394.7
51.26,-292.6,366.3
51.31,-370.4,325.2
51.36,-800,230.8
51.41,-592.6,96.32
51.46,-200,354.5
51.51,-1293,246.9
51.56,-640.7,206.8
51.61,-325.9,279.9
51.66,-311.1,342.3
51.71,-425.9,305.4
51.76,-611.1,491
51.81,-577.8,315.8
51.86,-1422,406.9
51.91,-588.9,423.5
51.96,-411.1,405.5
52.01,-366.7,307.3
52.06,911.1,292.2
52.11,-788.9,309.2
52.16,1322,248.8
52.21,1130,198.7
52.26,1267,280.4
52.31,759.3,284.6
52.36,729.6,93.49
52.41,1107,298.8
52.46,355.6,497.6
52.5,277.8,355.5
52.55,1011,275.2
52.6,1341,115.7
52.65,1452,366.8
52.7,3.783e-08,346.5
52.75,-944.4,206.3
52.8,-1359,186.5
52.85,-896.3,-13.64
52.9,-833.3,241.2
52.95,-985.2,184.1
53,351.9,-100.8
53.05,544.4,-85.82
53.1,1133,-333.9
53.15,1285,-176.4
53.2,1159,-200
53.25,1433,-338.7
53.3,1130,-468.7
53.35,496.3,-153.7
53.4,1400,-143.4
53.45,1533,-116
53.5,603.7,-141.5
53.55,788.9,-183.5
53.6,514.8,-139.1
53.65,481.5,-181.6
53.7,1093,-130.6
53.75,1170,-187.3
53.8,1170,-235.8
53.85,1411,-197.2
53.9,1644,-139.6
53.95,1448,59.95
54,1407,-160.8
54.04,914.8,-251.4
54.09,529.6,-64.13
54.14,-151.9,-99.99
54.19,-344.4,-54.7
54.24,-1048,-86.32
54.29,-125.9,-69.3
54.34,-1341,-154.7
54.39,-1419,-327.3
54.44,-1074,-309.4
54.49,-1607,-159.9
54.54,-951.9,-59.88
54.59,-618.5,-99.05
54.64,-181.5,-137.3
54.69,-514.8,-180.6
54.74,-500,-189.1
54.79,-396.3,7.611
54.84,-248.1,-82.06
54.89,-855.6,-232.1
54.94,-340.7,-0.9079
54.99,-577.8,-89.14
55.04,-122.2,-87.71
55.09,-692.6,-13.66
55.14,-748.1,-27.82
55.19,-537,10.9
55.24,-788.9,82.14
55.29,-548.1,-10.32
55.34,-1026,-225
55.39,-1270,-184.9
55.44,-1137,-116.5
55.49,-688.9,-283
55.53,-1459,-438.6
55.58,518.5,-438.1
55.63,1196,-92.92
55.68,1270,41.1
55.73,733.3,15.63
55.78,707.4,83.56
55.83,1115,76
55.88,903.7,-141.5
55.93,929.6,-280.6
55.98,1448,-245.3
56.03,896.3,-83
56.08,1593,-66.01
56.13,1141,-33.01
56.18,1115,-57.53
56.23,1144,-73.56
56.28,1156,-270.3
56.33,1270,-257.5
56.38,1137,-507
56.43,103.7,-506
56.48,507.4,-111.3
56.53,907.4,-376.8
56.58,1596,-188.2
56.63,1811,-173.1
56.68,874.1,-450.4
56.73,1359,-82.08
56.78,1393,44.86
56.83,688.9,44.39
56.88,825.9,-19.31
56.93,1256,28.81
56.98,1263,54.77
57.03,1444,-50.94
57.07,563,-8.937
57.12,1219,166.7
57.17,1152,-64.15
57.22,763,-188.2
57.27,1374,-126.9
57.32,1011,-132.1
57.37,1163,-313.2
57.42,1200,-198.6
57.47,974.1,-248.6
57.52,355.6,-130.2
57.57,1244,-166.5
57.62,1574,-237.2
57.67,1185,-147.1
57.72,1496,55.74
57.77,1037,30.71
57.82,1185,36.38
57.87,1600,255.9
57.92,1222,63.29
57.97,1063,307.8
58.02,355.6,327.6
58.07,-559.3,282.3
58.12,-596.3,353.1
58.17,-1074,473.5
58.22,-122.2,467.4
58.27,-192.6,411.2
58.32,-959.3,386.2
58.37,-1041,487.3
58.42,-466.7,236
58.47,-440.7,372.5
58.52,-577.8,238.9
58.56,-848.1,178.9
58.61,-348.1,106.7
58.66,-711.1,308.7
58.71,-1063,213.4
58.76,-1285,247.8
58.81,-718.5,322.9
58.86,-422.2,148.7
58.91,-625.9,326.7
58.96,-1078,403.6
59.01,-470.4,417.8
59.06,-418.5,538.7
59.11,-259.3,412.6
59.16,-1011,521.7
59.21,-714.8,282.3
59.26,-1396,459.4
59.31,-781.5,436.7
59.36,-618.5,398
59.41,-1674,321
59.46,-329.6,350.7
59.51,-1596,447.1
59.56,-981.5,387.1
59.61,-570.4,341.3
59.66,-440.7,450.9
59.71,-622.2,377.7
59.76,-825.9,299.3
59.81,-425.9,451.8
59.86,-429.6,170.9
59.91,-463,336.6
