state,dwell_s
1,1.168
0,2.901
1,0.4653
0,5.91
1,0.0693
0,14.48
1,0.198
0,0.3267
1,1.673
0,3.792
1,0.1089
0,4.099
1,0.2277
0,1.98
1,1.445
0,6.386
1,0.5049
0,0.396
1,2.732
0,9.415
1,0.0693
0,3.297
1,1.158
0,0.7623
1,0.3069
0,2.703
1,1.267
0,0.6237
1,0.8316
0,0.9702
1,1.218
0,11.8
1,0.099
0,4.96
1,0.4752
0,2.02
1,1.356
0,1.505
1,1.287
0,4.019
1,1.475
0,1.911
1,1.584
0,1.614
1,1.535
0,0.8514
1,0.693
0,2.624
1,0.1287
0,0.9405
1,1.178
0,8.395
1,1.455
0,0.3762
1,0.1485
0,1.723
1,0.8613
0,10.61
1,1.792
0,10.85
1,3.128
0,0.4653
1,0.3564
0,5.019
1,0.99
0,2.633
1,1.495
0,1.416
1,1.455
0,6.188
1,1.832
0,4.326
1,2.208
0,1.723
1,0.099
0,7.643
1,2.614
0,1.257
1,1.643
0,7.376
1,2.465
0,6.247
1,0.6138
0,3.465
1,0.4257
0,6.316
1,0.3663
0,2.178
1,0.5148
0,3.782
1,0.4554
0,2.683
1,0.2475
0,2.782
1,0.1287
0,4.505
1,0.3663
0,8.019
1,0.2772
0,0.6633
1,0.8118
0,0.5049
1,0.2079
0,0.1287
1,3.02
0,0.3762
1,2.574
0,1.188
1,1.812
0,4.643
1,2.079
0,4.277
1,2.119
0,4.712
1,1.643
0,4.653
1,4.881
0,0.3564
1,4.91
0,8.801
1,0.1485
0,14.64
1,0.3267
0,10.16
1,2.059
0,9.88
1,0.1287
0,4.554
1,0.2475
0,1.445
1,2.435
0,0.1683
1,2.861
0,0.1089
1,0.2079
0,0.1089
1,3.396
0,1.01
1,0.2574
0,0.1584
1,1.257
0,4.287
1,6.138
0,2.208
1,0.7722
0,10.68
1,4.148
0,0.4158
1,0.7623
0,7.851
1,4.514
0,2.752
1,1.109
0,0.3267
1,3.99
0,1.485
1,2.188
0,9.435
1,4.376
0,4.594
1,4.881
0,1.04
1,0.891
0,12.99
1,1.881
0,0.8613
1,1.653
0,0.5544
1,2.812
0,4.128
1,0.3069
0,2.624
1,2.247
0,2.237
1,0.6336
0,2.455
1,0.099
0,3.643
1,0.7128
0,17.46
1,2.95
0,13.62
1,1.931
0,3.208
1,0.4455
0,0.3069
1,0.6534
0,0.9999
1,0.3663
0,2.831
1,0.7623
0,4.386
1,0.8811
0,2.574
1,0.8712
0,1.059
1,1.03
0,2.802
1,0.0891
0,4.841
1,0.0792
0,7.554
1,3.812
0,4.366
1,0.8613
0,0.5148
1,0.3366
0,6.999
1,1.604
0,3.069
1,1.158
0,3.297
1,1.208
0,3.475
1,1.089
0,5.98
1,2.544
0,3.534
1,0.2673
0,13.78
1,0.5445
0,6.742
1,1.851
0,8.356
1,0.8217
0,2.574
1,1.049
0,4.811
1,1.148
0,0.4653
1,1.822
0,15.42
1,0.2277
0,6.683
1,2.683
0,0.693
1,0.1881
0,9.177
1,0.4158
0,8.94
1,0.792
0,0.297
1,0.9702
0,9.365
1,2.02
0,3.554
1,2.96
0,1.079
1,2.564
0,1.069
1,0.792
0,0.9504
1,0.2475
0,8.395
1,1.327
0,0.2871
1,0.6138
0,0.6435
1,1.257
0,1.366
1,4.376
0,7.861
1,0.3465
0,0.0693
1,0.3564
0,0.7029
1,1.119
0,2.732
1,4.168
0,7.564
1,0.8415
0,3.326
1,0.5742
0,5.792
1,0.2574
0,4.287
1,3.287
0,2.485
1,1.683
0,4.227
1,0.1485
0,4.475
1,0.3267
0,3.98
1,0.0594
0,0.7821
1,3.92
0,1.841
1,0.792
0,1.871
1,0.099
0,3.257
1,0.7326
0,1.752
1,1.445
0,3.752
1,0.4356
0,9.484
1,3.029
0,0.1683
1,6.673
0,3.534
1,2.99
0,9.128
1,0.099
0,6.881
1,1.04
0,0.1089
1,0.9009
0,0.1089
1,3.93
0,0.7326
1,1.109
0,2.297
1,5.029
0,8.514
1,4.534
0,0.5346
1,2.792
0,1.386
1,1.406
0,5.217
1,0.4752
0,1.921
1,3.277
0,0.7722
1,1.386
0,8.078
1,1.277
0,1.891
1,0.3861
0,0.3168
1,0.5247
0,1.544
1,0.4851
0,0.5148
1,0.1782
0,1.089
1,0.1386
0,7.197
1,0.7029
0,0.9108
1,1.228
0,2.406
1,0.6237
0,2.554
1,0.7227
0,0.5841
1,1.495
0,3.802
1,4.208
0,2.257
1,0.2376
0,1.475
1,0.0693
0,2.178
1,0.1584
0,1.604
1,0.4851
0,0.3663
1,0.2574
0,9.623
1,0.3762
0,6.999
1,1.614
0,3.812
1,1.475
0,11.67
1,1.129
0,3.208
1,0.0891
0,9.415
1,0.8415
0,5.811
1,0.693
0,8.375
1,0.9801
0,0.198
1,0.0693
0,1.871
1,1.139
0,1.584
1,9.95
0,8.554
1,1.416
0,1.614
1,0.1584
0,0.9999
1,1.346
0,0.5346
1,1.089
0,3.267
1,3.524
0,2.93
1,0.2673
0,2.792
1,0.3267
0,0.6435
1,4.316
0,11.18
1,0.6039
0,1.366
1,1.198
0,1.673
1,0.2277
0,1.653
1,2.287
0,8.237
1,5.168
0,8.098
1,0.0891
0,4.505
1,0.1188
0,2.049
1,1.604
0,1.881
1,0.1683
0,7.653
1,2.881
0,6.346
1,0.693
0,5.277
1,1.238
0,0.9207
1,3.871
0,6.494
1,1.079
0,3.99
1,0.8118
0,0.5247
1,0.3168
0,1.713
1,0.2277
0,1.841
1,1.099
0,4
1,1.327
0,3.584
1,0.8019
0,1.841
1,1.396
0,7.306
1,0.6831
0,1.931
1,2.673
0,3.01
1,0.2376
0,1.544
1,1.208
0,0.3564
1,0.7425
0,3.871
1,0.9405
0,0.3267
1,2.633
0,2.148
1,0.7623
0,0.9603
1,0.1782
0,0.7128
1,0.495
0,6.96
1,0.891
0,1.921
1,3.346
0,0.5049
1,0.1584
0,0.7029
1,3.188
0,1.525
1,1.148
0,1.97
1,1.04
0,5.376
1,6.009
0,18.09
1,3.554
0,1.713
1,2.406
0,6.019
1,0.3762
0,1.554
1,2.317
0,0.9999
1,4.772
0,1.683
1,1.228
0,9.91
1,0.3168
0,0.1485
1,0.099
0,3.435
1,0.6534
0,0.7326
1,0.8415
0,0.6138
1,0.9999
0,7.039
1,2.911
0,0.6831
1,0.3168
0,0.8811
1,0.4851
0,3.683
1,2.891
0,13.45
1,0.9108
0,0.3564
1,3.623
0,9.266
1,0.2178
0,8.831
1,1.168
0,1.02
1,0.9603
0,1.247
1,0.6237
0,1.584
1,5.049
0,2.03
1,5.425
0,6.207
1,0.5445
0,0.396
1,2.94
0,0.9999
1,0.099
0,7.979
1,0.9108
0,2.445
1,0.7722
0,10.24
1,2.386
0,1.208
1,1.594
0,0.297
1,0.0693
0,1.881
1,0.1287
0,0.8811
1,1.426
0,2.03
1,1.267
0,2.237
1,0.1188
0,7.088
1,2.564
0,2.02
1,1.02
0,13.96
1,0.8811
0,2.515
1,1.96
0,1.327
1,0.2574
0,0.3663
1,1.188
0,1.208
1,6.574
0,2.049
1,0.6831
0,12.5
1,0.0891
0,7.395
1,0.3663
0,1.277
1,1.049
0,0.8217
1,0.3861
0,0.2475
1,0.2574
0,5.841
1,3.059
0,9.732
1,3.158
0,2.772
1,0.1881
0,3.01
1,0.4257
0,5.732
1,0.5841
0,6.92
1,1.247
0,0.2079
1,1.02
0,3.722
1,2.851
0,5.168
1,6.514
0,2.594
1,1.693
0,11.03
1,2.119
0,1.02
1,0.8514
0,3.386
1,0.1386
0,5.732
1,1.792
0,6.643
1,0.2178
0,1.574
1,0.1485
0,2.861
1,2.237
0,28.75
1,1.643
0,1.178
1,2.02
0,5.514
1,0.198
0,1.495
1,0.3465
0,0.4554
1,1.327
0,0.9999
1,2.475
0,1.634
1,0.7821
0,0.0792
1,1.158
0,0.5841
1,0.2772
0,5.396
1,8.999
0,0.4851
1,1.723
0,8.752
1,0.6237
0,2.089
1,0.6831
0,4.821
1,1.762
0,0.5643
1,1.396
0,0.3861
1,2.059
0,10.04
1,0.0891
0,1.445
1,1.96
0,2.03
1,3.881
0,0.7227
1,2.237
0,3.069
1,0.1584
0,7.544
1,0.2079
0,4.029
1,0.7227
0,3.495
1,0.792
0,1.832
1,1.059
0,1.287
1,0.9801
0,4.307
1,3.109
0,1.168
1,0.9306
0,0.6237
1,0.3762
0,7.376
1,7.94
0,2.327
1,3.158
0,0.9306
1,1.445
