x_k,density_per_k
-1.397,0
-1.352,0
-1.308,9.276e-05
-1.263,0.0002783
-1.219,0.0008658
-1.174,0.001268
-1.129,0.002783
-1.085,0.006277
-1.04,0.01317
-0.9956,0.02511
-0.951,0.04888
-0.9065,0.08865
-0.8619,0.1516
-0.8173,0.2508
-0.7727,0.3629
-0.7281,0.4847
-0.6836,0.5653
-0.639,0.6172
-0.5944,0.6191
-0.5498,0.5938
-0.5052,0.5464
-0.4607,0.5187
-0.4161,0.4952
-0.3715,0.5215
-0.3269,0.6192
-0.2823,0.7767
-0.2378,1.025
-0.1932,1.296
-0.1486,1.507
-0.104,1.635
-0.05944,1.643
-0.01486,1.537
0.02972,1.379
0.0743,1.214
0.1189,1.05
0.1635,0.8695
0.208,0.6728
0.2526,0.4971
0.2972,0.3314
0.3418,0.2067
0.3864,0.1164
0.4309,0.06335
0.4755,0.03723
0.5201,0.01911
0.5647,0.009771
0.6093,0.005689
0.6538,0.003277
0.6984,0.001732
0.743,0.0008039
0.7876,0.0002164
